title,price,rating,reviews,availability
PlayStation®5 console (slim),$494.65,4.5 out of 5 stars,787 ratings,In Stock
PlayStation 5 Console (PS5),$463.98,4.8 out of 5 stars,"8,186 ratings",Only 1 left in stock - order soon.
PlayStation 5 Console - Marvel’s Spider-Man 2 Bundle (slim),$479.99,4.8 out of 5 stars,"4,034 ratings",Only 1 left in stock - order soon.
PlayStation 5 Digital Edition – Marvel’s Spider-Man 2 Bundle (Slim),$479.99,4.7 out of 5 stars,420 ratings,Only 3 left in stock - order soon.
"Playstation 5 Disc Version PS5 Console - Additional Controller, 4K-TV Gaming, 120Hz 8K Output, 16GB GDDR6, 825GB SSD, WiFi 6, Bluetooth *5.1",$458.99,3.5 out of 5 stars,23 ratings,
EA SPORTS College Football 25 - PlayStation 5,$69.00,3.5 out of 5 stars,14 ratings,In Stock
PlayStation 5 Digital Edition – Marvel’s Spider-Man 2 Bundle (Slim) (Renewed),Page 1 of 1,Previous page of related Sponsored Products,,
PlayStation DualSense® Wireless Controller - Midnight Black,$69.00,4.5 out of 5 stars,"1,812 ratings",In Stock
PlayStation Portal Remote Player - PlayStation 5,$199.00,4.5 out of 5 stars,"1,130 ratings",In Stock
PlayStation®5 console (slim) (Renewed),$458.99,4.5 out of 5 stars,11 ratings,Only 2 left in stock - order soon.
PlayStation®5 Console – Call of Duty® Modern Warfare® III Bundle (Renewed),$499.99,5.0 out of 5 stars,2 ratings,Only 5 left in stock - order soon.
"PS5 Slim Cooling Station，Charging Controller，Featuring Three Adjustable Cooling Fan，Compatible with Disc&Digital Editions,It's Playstation 5 Slim Ideal Accessories (White)",$23.99,4.3 out of 5 stars,62 ratings,In Stock
PS5 Console- Horizon Forbidden West Bundle,$499.99,4.9 out of 5 stars,"6,803 ratings",Only 10 left in stock - order soon.
PlayStation 5 Console (Renewed),$469.99,4.5 out of 5 stars,412 ratings,Only 12 left in stock - order soon.
Sony PlayStation 5 Disc Version (Renewed),$469.99,4.5 out of 5 stars,54 ratings,Only 16 left in stock - order soon.
PlayStation®5 Console – Call of Duty® Modern Warfare® III Bundle,$519.00,4.7 out of 5 stars,"1,633 ratings",Only 6 left in stock - order soon.
"BGGUANG PS5 Slim Cooling Station，Charging Controller，Featuring Three Adjustable Cooling Fan，Compatible with Disc&Digital Editions,It's Playstation 5 Slim Ideal Accessories (grey)",$42.99,4.5 out of 5 stars,640 ratings,In Stock
$150 PlayStation Store Gift Card [Digital Code],$150.00,4.7 out of 5 stars,"250,138 ratings",Available now
"Microsoft Xbox One X 1TB, 4K Ultra HD Gaming Console, Black (Renewed) (2017 Model)",$299.99,4.5 out of 5 stars,"2,669 ratings",Only 2 left in stock - order soon.
PlayStation 4 Slim 1TB Console - Black (Renewed),$209.99,4.5 out of 5 stars,"1,640 ratings",Only 16 left in stock - order soon.
Nintendo 64 System - Video Game Console (Renewed),$104.49,3.8 out of 5 stars,"1,451 ratings",Only 1 left in stock - order soon.
Sony PlayStation 2 Console - Black (Renewed),$170.99,4.4 out of 5 stars,"1,450 ratings",Only 4 left in stock - order soon.
Sony PlayStation 4 Slim Limited Edition 1TB Gaming Console (Renewed),$220.54,4.5 out of 5 stars,"1,443 ratings",Only 16 left in stock - order soon.
PlayStation 4 Slim 500GB Console [Discontinued] (Renewed),$180.99,4.5 out of 5 stars,"1,405 ratings",In Stock
PlayStation 4 500GB Console (Renewed),$189.99,4.5 out of 5 stars,"1,227 ratings",Only 1 left in stock - order soon.
Xbox One 500GB Console (Renewed),$173.99,3.8 out of 5 stars,"1,137 ratings",Only 13 left in stock - order soon.
"Gaming A40 TR Wired Headset + MixAmp Pro TR with Audio for PlayStation 5, PlayStation 4, PC, Mac - Black/Blue",$197.80,4.3 out of 5 stars,,Only 15 left in stock - order soon.
"LHFDIAN PS5 Cooling Station, PS5 Slim Stand and Turbo Fan with Controller Charging Station for PlayStation 5, PS5 Accessories Kits, 3 Levels Cooling Fan, Headset Holder for PS5 Digital/Disc-White…",$28.99,4.8 out of 5 stars,12 ratings,In Stock
"Cooling Station for PS5 Stand with Controller Charging Station for Playstation 5 Console Disc/Digital, Cooling Stand for PS5 Cooler Fan Accessories for PS5 with 3 USB Hubs (Not for PS5 Slim Versions)",$39.99,4.2 out of 5 stars,138 ratings,In Stock
